"month","Models","values"
2018-01-01,"Model predicted",1077.60394471616
2018-02-01,"Model predicted",1104.10090876816
2018-03-01,"Model predicted",1131.24940078404
2018-04-01,"Model predicted",1159.06544104019
2018-05-01,"Model predicted",1187.56544373204
2018-06-01,"Model predicted",1216.76622666
2018-07-01,"Model predicted",1246.68502115363
2018-08-01,"Model predicted",1277.33948223987
2018-09-01,"Model predicted",1308.74769906114
2018-10-01,"Model predicted",1340.92820554982
2018-11-01,"Model predicted",1373.89999136499
2018-12-01,"Model predicted",1407.68251309826
2019-01-01,"Model predicted",1442.29570575507
2019-02-01,"Model predicted",1477.75999451824
2019-03-01,"Model predicted",1514.09630680089
2019-04-01,"Model predicted",1551.32608459568
2019-05-01,"Model predicted",1589.47129712762
2019-06-01,"Model predicted",1628.55445381815
2019-07-01,"Model predicted",1668.59861756786
2019-08-01,"Model predicted",1709.62741836587
2019-09-01,"Model predicted",1751.66506723387
2019-10-01,"Model predicted",1794.73637051298
2019-11-01,"Model predicted",1838.86674450194
2019-12-01,"Model predicted",1884.08223045519
2020-01-01,"Model predicted",1930.40950994982
2020-02-01,"Model predicted",1977.87592063027
2020-03-01,"Model predicted",596.574026853372
2020-04-01,"Model predicted",649.144793419974
2020-05-01,"Model predicted",706.348154388947
2020-06-01,"Model predicted",768.592339129929
2020-07-01,"Model predicted",836.321550638512
2020-08-01,"Model predicted",910.019135572162
2020-09-01,"Model predicted",780.373148150257
2020-10-01,"Model predicted",822.857159196915
2020-11-01,"Model predicted",867.654026854402
2020-12-01,"Model predicted",914.889664509201
2021-01-01,"Model predicted",964.696840352723
2021-02-01,"Model predicted",1017.21555056125
2021-03-01,"Model predicted",1072.59341279205
2021-04-01,"Model predicted",1130.98608110161
2021-05-01,"Model predicted",1192.5576834524
2021-06-01,"Model predicted",1257.48128303762
2021-07-01,"Model predicted",1325.93936472094
2021-08-01,"Model predicted",1398.12434795816
2021-09-01,"Model predicted",1474.23912764279
2021-10-01,"Model predicted",1554.49764439551
2021-11-01,"Model predicted",1639.12548590062
2021-12-01,"Model predicted",1728.36052097957
2022-01-01,"Model predicted",1822.45356818392
2022-02-01,"Model predicted",1921.66910078684
2022-03-01,"Model predicted",2026.28599015491
2018-01-01,"Adjusted for seasonality",885.893280430286
2018-02-01,"Adjusted for seasonality",968.228696125034
2018-03-01,"Adjusted for seasonality",1045.67829010001
2018-04-01,"Adjusted for seasonality",1118.58710796726
2018-05-01,"Adjusted for seasonality",1187.30019533882
2018-06-01,"Adjusted for seasonality",1252.16259782675
2018-07-01,"Adjusted for seasonality",1313.51936104309
2018-08-01,"Adjusted for seasonality",1371.93023111289
2018-09-01,"Adjusted for seasonality",1427.0609329979
2018-10-01,"Adjusted for seasonality",1477.91548056521
2018-11-01,"Adjusted for seasonality",1523.49788768192
2018-12-01,"Adjusted for seasonality",1562.81216821512
2019-01-01,"Adjusted for seasonality",1594.86233603192
2019-02-01,"Adjusted for seasonality",1623.83815262798
2019-03-01,"Adjusted for seasonality",1652.8961315841
2019-04-01,"Adjusted for seasonality",1679.49041489507
2019-05-01,"Adjusted for seasonality",1701.07514455569
2019-06-01,"Adjusted for seasonality",1715.10446256074
2019-07-01,"Adjusted for seasonality",1719.03251090501
2019-08-01,"Adjusted for seasonality",1710.3134315833
2019-09-01,"Adjusted for seasonality",1679.22512315571
2019-10-01,"Adjusted for seasonality",1624.17342074545
2019-11-01,"Adjusted for seasonality",1554.80437119197
2019-12-01,"Adjusted for seasonality",1480.76402133471
2020-01-01,"Adjusted for seasonality",1411.6984180131
2020-02-01,"Adjusted for seasonality",1357.2536080666
2020-03-01,"Adjusted for seasonality",1300.98538750555
2020-04-01,"Adjusted for seasonality",1225.93837309081
2020-05-01,"Adjusted for seasonality",1140.99184278752
2020-06-01,"Adjusted for seasonality",1055.02507456086
2020-07-01,"Adjusted for seasonality",976.917346375987
2020-08-01,"Adjusted for seasonality",915.547936198061
2020-09-01,"Adjusted for seasonality",879.796121992245
2020-10-01,"Adjusted for seasonality",863.230876128696
2020-11-01,"Adjusted for seasonality",854.527406177206
2020-12-01,"Adjusted for seasonality",855.224342902393
2021-01-01,"Adjusted for seasonality",866.860317068879
2021-02-01,"Adjusted for seasonality",890.973959441282
2021-03-01,"Adjusted for seasonality",929.103900784221
2021-04-01,"Adjusted for seasonality",980.228029035255
2021-05-01,"Adjusted for seasonality",1042.35034894114
2021-06-01,"Adjusted for seasonality",1115.54866648028
2021-07-01,"Adjusted for seasonality",1199.9007876311
2021-08-01,"Adjusted for seasonality",1295.484518372
2021-09-01,"Adjusted for seasonality",1402.3776646814
2021-10-01,"Adjusted for seasonality",1520.64021276213
2021-11-01,"Adjusted for seasonality",1650.25738711135
2021-12-01,"Adjusted for seasonality",1791.19485114899
2022-01-01,"Adjusted for seasonality",1943.41826829498
2022-02-01,"Adjusted for seasonality",2106.89330196922
2022-03-01,"Adjusted for seasonality",2281.58561559166
2018-01-01,"Counterfactual",1077.60394471616
2018-02-01,"Counterfactual",1104.10090876816
2018-03-01,"Counterfactual",1131.24940078404
2018-04-01,"Counterfactual",1159.06544104019
2018-05-01,"Counterfactual",1187.56544373204
2018-06-01,"Counterfactual",1216.76622666
2018-07-01,"Counterfactual",1246.68502115363
2018-08-01,"Counterfactual",1277.33948223987
2018-09-01,"Counterfactual",1308.74769906114
2018-10-01,"Counterfactual",1340.92820554982
2018-11-01,"Counterfactual",1373.89999136499
2018-12-01,"Counterfactual",1407.68251309826
2019-01-01,"Counterfactual",1442.29570575507
2019-02-01,"Counterfactual",1477.75999451824
2019-03-01,"Counterfactual",1514.09630680089
2019-04-01,"Counterfactual",1551.32608459568
2019-05-01,"Counterfactual",1589.47129712762
2019-06-01,"Counterfactual",1628.55445381815
2019-07-01,"Counterfactual",1668.59861756786
2019-08-01,"Counterfactual",1709.62741836587
2019-09-01,"Counterfactual",1751.66506723387
2019-10-01,"Counterfactual",1794.73637051298
2019-11-01,"Counterfactual",1838.86674450194
2019-12-01,"Counterfactual",1884.08223045519
2020-01-01,"Counterfactual",1930.40950994982
2020-02-01,"Counterfactual",1977.87592063027
2020-03-01,"Counterfactual",2026.50947234027
2020-04-01,"Counterfactual",2076.33886365136
2020-05-01,"Counterfactual",2127.39349879789
2020-06-01,"Counterfactual",2179.70350502838
2020-07-01,"Counterfactual",2233.29975038359
2020-08-01,"Counterfactual",2288.21386191168
2020-09-01,"Counterfactual",2344.47824433126
2020-10-01,"Counterfactual",2402.12609915337
2020-11-01,"Counterfactual",2461.19144427365
2020-12-01,"Counterfactual",2521.7091340462
2021-01-01,"Counterfactual",2583.71487985109
2021-02-01,"Counterfactual",2647.2452711676
2021-03-01,"Counterfactual",2712.33779716556
2021-04-01,"Counterfactual",2779.03086882772
2021-05-01,"Counterfactual",2847.36384161589
2021-06-01,"Counterfactual",2917.37703869465
2021-07-01,"Counterfactual",2989.11177472587
2021-08-01,"Counterfactual",3062.6103802485
2021-09-01,"Counterfactual",3137.91622665768
2021-10-01,"Counterfactual",3215.07375179817
2021-11-01,"Counterfactual",3294.12848618702
2021-12-01,"Counterfactual",3375.12707988106
2022-01-01,"Counterfactual",3458.11733000501
2022-02-01,"Counterfactual",3543.14820895643
2022-03-01,"Counterfactual",3630.26989330433
